day,dau,supply_per_dau,total_supply,faucet_per_dau,sink_per_dau,net_flow_per_dau,inflation_rate,price_level,velocity,sink_efficiency,dau_retention,new_users,transactions,mkt_volume,fees_collected,price_index,liquidity,arpdau,payer_conversion,whale_revenue_share
0,10000,6014.77,60147706.68,170.0,155.23,14.77,0.000984,1.001,0.05407,0.9131,3136,1500,2260,524387.67,26219.38,1.0332,0.8071,0.2465,0.076,82.8
1,10000,6029.45,60294481.99,170.0,155.32,14.68,0.000975,1.002,0.05396,0.9137,3656,1500,2312,539369.98,26968.5,1.0679,0.8013,0.2465,0.076,82.8
2,10000,6044.03,60440325.36,170.0,155.42,14.58,0.000967,1.0029,0.05384,0.9142,4018,1500,2362,554984.89,27749.24,1.1042,0.7968,0.2465,0.076,82.8
3,10000,6058.52,60585236.23,170.0,155.51,14.49,0.000958,1.0039,0.05373,0.9148,4315,1500,2410,571166.91,28558.35,1.1419,0.7941,0.2465,0.076,82.8
4,10000,6072.92,60729214.06,170.0,155.6,14.4,0.00095,1.0048,0.05362,0.9153,4574,1500,2454,587833.44,29391.67,1.1809,0.7933,0.2465,0.076,82.8
5,10000,6087.23,60872258.27,170.0,155.7,14.3,0.000942,1.0058,0.0535,0.9159,4809,1500,2492,604886.71,30244.34,1.2211,0.7945,0.2465,0.076,82.8
6,10000,6101.44,61014368.3,170.0,155.79,14.21,0.000933,1.0067,0.0534,0.9164,5026,1500,2524,622215.57,31110.78,1.2623,0.7978,0.2465,0.076,82.8
7,10000,6115.55,61155543.61,170.0,155.88,14.12,0.000925,1.0077,0.05329,0.917,5229,1500,2548,639697.2,31984.86,1.3043,0.8032,0.2465,0.076,82.8
8,10000,6129.58,61295783.61,170.0,155.98,14.02,0.000917,1.0086,0.05318,0.9175,5421,1500,2565,657199.04,32859.95,1.3468,0.8107,0.2465,0.076,82.8
9,10000,6143.51,61435087.77,170.0,156.07,13.93,0.000908,1.0095,0.05308,0.9181,5604,1500,2574,674581.04,33729.05,1.3895,0.8202,0.2465,0.076,82.8
10,10000,6157.35,61573455.5,170.0,156.16,13.84,0.0009,1.0104,0.05297,0.9186,5780,1500,2576,691698.56,34584.93,1.4321,0.8316,0.2465,0.076,82.8
11,10000,6171.09,61710886.25,170.0,156.26,13.74,0.000892,1.0113,0.05287,0.9192,5949,1500,2571,708406.14,35420.31,1.4743,0.8449,0.2465,0.076,82.8
12,10000,6184.74,61847379.47,170.0,156.35,13.65,0.000884,1.0122,0.05277,0.9197,6112,1500,2560,724562.46,36228.12,1.5157,0.8599,0.2465,0.076,82.8
13,10000,6198.29,61982934.58,170.0,156.44,13.56,0.000876,1.0131,0.05267,0.9203,6270,1500,2544,740036.54,37001.83,1.5559,0.8764,0.2465,0.076,82.8
14,10000,6211.76,62117551.02,170.0,156.54,13.46,0.000868,1.014,0.05257,0.9208,6424,1500,2525,754715.26,37735.76,1.5947,0.8941,0.2465,0.076,82.8
15,10000,6225.12,62251228.23,170.0,156.63,13.37,0.00086,1.0148,0.05247,0.9214,6573,1500,2504,768511.88,38425.59,1.6318,0.9125,0.2465,0.076,82.8
16,10000,6238.4,62383965.65,170.0,156.73,13.27,0.000852,1.0157,0.05237,0.9219,6718,1500,2472,779956.49,38997.82,1.6669,0.9271,0.2465,0.076,82.8
17,10000,6251.58,62515762.71,170.0,156.82,13.18,0.000845,1.0166,0.05228,0.9225,6860,1500,2426,788362.77,39418.14,1.7,0.9347,0.2465,0.076,82.8
18,10000,6264.66,62646618.85,170.0,156.91,13.09,0.000837,1.0174,0.05218,0.923,6999,1500,2385,796313.85,39815.69,1.731,0.9419,0.2465,0.076,82.8
19,10000,6277.65,62776533.5,170.0,157.01,12.99,0.000829,1.0183,0.05209,0.9236,7135,1500,2354,804033.7,40201.68,1.7602,0.9484,0.2465,0.076,82.8
20,10000,6290.55,62905506.1,170.0,157.1,12.9,0.000821,1.0191,0.052,0.9241,7268,1500,2334,811770.6,40588.53,1.7876,0.9539,0.2465,0.076,82.8
21,10000,6303.35,63033536.09,170.0,157.2,12.8,0.000814,1.0199,0.05191,0.9247,7399,1500,2327,819786.64,40989.33,1.8138,0.9582,0.2465,0.076,82.8
22,10000,6316.06,63160622.89,170.0,157.29,12.71,0.000806,1.0207,0.05182,0.9252,7527,1500,2334,828343.84,41417.19,1.8392,0.9612,0.2465,0.076,82.8
23,10000,6328.68,63286765.95,170.0,157.39,12.61,0.000798,1.0216,0.05173,0.9258,7653,1500,2356,837688.03,41884.4,1.8642,0.9629,0.2465,0.076,82.8
24,10000,6341.2,63411964.69,170.0,157.48,12.52,0.000791,1.0224,0.05164,0.9264,7776,1500,2392,848032.06,42401.6,1.8894,0.9633,0.2465,0.076,82.8
25,10000,6353.62,63536218.55,170.0,157.57,12.43,0.000783,1.0232,0.05156,0.9269,7898,1500,2443,859540.59,42977.03,1.9154,0.9626,0.2465,0.076,82.8
26,10000,6365.95,63659526.96,170.0,157.67,12.33,0.000776,1.024,0.05147,0.9275,8018,1500,2507,872318.1,43615.9,1.9426,0.9611,0.2465,0.076,82.8
27,10000,6378.19,63781889.36,170.0,157.76,12.24,0.000768,1.0248,0.05139,0.928,8135,1500,2582,886401.65,44320.08,1.9714,0.959,0.2465,0.076,82.8
28,10000,6390.33,63903305.17,170.0,157.86,12.14,0.000761,1.0255,0.05131,0.9286,8251,1500,2664,901758.82,45087.94,2.002,0.9566,0.2465,0.076,82.8
29,10000,6402.38,64023773.84,170.0,157.95,12.05,0.000754,1.0263,0.05122,0.9291,8366,1500,2733,915902.27,45795.11,2.0346,0.9475,0.2465,0.076,82.8
30,10000,6414.33,64143294.78,170.0,158.05,11.95,0.000746,1.0271,0.05114,0.9297,8479,1500,2793,929811.52,46490.58,2.0693,0.9357,0.2465,0.076,82.8
31,10000,6426.19,64261867.44,170.0,158.14,11.86,0.000739,1.0278,0.05106,0.9303,8590,1500,2852,944626.79,47231.34,2.106,0.9252,0.2465,0.076,82.8
32,10000,6437.95,64379491.24,170.0,158.24,11.76,0.000732,1.0286,0.05098,0.9308,8700,1500,2908,960254.76,48012.74,2.1445,0.9162,0.2465,0.076,82.8
33,10000,6449.62,64496165.62,170.0,158.33,11.67,0.000725,1.0293,0.05091,0.9314,8808,1500,2958,976565.84,48828.29,2.1848,0.9092,0.2465,0.076,82.8
34,10000,6461.19,64611890.0,170.0,158.43,11.57,0.000717,1.0301,0.05083,0.9319,8915,1500,3002,993399.75,49669.99,2.2263,0.9041,0.2465,0.076,82.8
35,10000,6472.67,64726663.82,170.0,158.52,11.48,0.00071,1.0308,0.05076,0.9325,9021,1500,3036,1010570.8,50528.54,2.2688,0.9011,0.2465,0.076,82.8
36,10000,6484.05,64840486.49,170.0,158.62,11.38,0.000703,1.0315,0.05068,0.933,9126,1500,3061,1027873.0,51393.65,2.3118,0.9003,0.2465,0.076,82.8
37,10000,6495.34,64953357.47,170.0,158.71,11.29,0.000696,1.0322,0.05061,0.9336,9229,1500,3076,1045085.08,52254.25,2.355,0.9015,0.2465,0.076,82.8
38,10000,6506.53,65065276.16,170.0,158.81,11.19,0.000689,1.0329,0.05054,0.9342,9331,1500,3080,1061975.68,53098.78,2.3976,0.9048,0.2465,0.076,82.8
39,10000,6517.62,65176242.01,170.0,158.9,11.1,0.000682,1.0337,0.05046,0.9347,9432,1500,3073,1078309.15,53915.46,2.4392,0.9102,0.2465,0.076,82.8
40,10000,6528.63,65286254.44,170.0,159.0,11.0,0.000675,1.0344,0.05039,0.9353,9532,1500,3057,1093852.25,54692.61,2.4793,0.9175,0.2465,0.076,82.8
41,10000,6539.53,65395312.87,170.0,159.09,10.91,0.000668,1.035,0.05032,0.9358,9631,1500,3032,1108381.89,55419.09,2.5173,0.9267,0.2465,0.076,82.8
42,10000,6550.34,65503416.74,170.0,159.19,10.81,0.000661,1.0357,0.05026,0.9364,9729,1500,3001,1121694.33,56084.72,2.5527,0.9376,0.2465,0.076,82.8
43,10000,6561.06,65610565.47,170.0,159.29,10.71,0.000654,1.0364,0.05019,0.937,9826,1500,2964,1133615.45,56680.77,2.585,0.95,0.2465,0.076,82.8
44,10000,6571.68,65716758.49,170.0,159.38,10.62,0.000647,1.0371,0.05012,0.9375,9922,1500,2923,1144012.04,57200.6,2.6139,0.9636,0.2465,0.076,82.8
45,10000,6582.2,65821995.23,170.0,159.48,10.52,0.00064,1.0377,0.05006,0.9381,10018,1500,2879,1152435.29,57621.76,2.6391,0.9771,0.2465,0.076,82.8
46,10000,6592.63,65926275.11,170.0,159.57,10.43,0.000633,1.0384,0.04999,0.9387,10112,1500,2810,1155867.26,57793.36,2.6604,0.9822,0.2465,0.076,82.8
47,10000,6602.96,66029597.55,170.0,159.67,10.33,0.000627,1.039,0.04993,0.9392,10205,1500,2746,1158025.83,57901.29,2.678,0.9871,0.2465,0.076,82.8
48,10000,6613.2,66131961.99,170.0,159.76,10.24,0.00062,1.0397,0.04986,0.9398,10298,1500,2691,1159190.68,57959.53,2.692,0.9917,0.2465,0.076,82.8
49,10000,6623.34,66233367.85,170.0,159.86,10.14,0.000613,1.0403,0.0498,0.9403,10390,1500,2646,1159694.32,57984.72,2.7029,0.9957,0.2465,0.076,82.8
50,10000,6633.38,66333814.56,170.0,159.96,10.04,0.000606,1.041,0.04974,0.9409,10480,1500,2609,1153753.19,57687.66,2.7113,0.9969,0.2465,0.076,82.8
51,10000,6643.33,66433301.53,170.0,160.05,9.95,0.0006,1.0416,0.04968,0.9415,10571,1500,2588,1148898.73,57444.94,2.7179,0.9974,0.2465,0.076,82.8
52,10000,6653.18,66531828.19,170.0,160.15,9.85,0.000593,1.0422,0.04962,0.942,10660,1500,2586,1147346.02,57367.3,2.7234,0.9977,0.2465,0.076,82.8
53,10000,6662.94,66629393.97,170.0,160.24,9.76,0.000586,1.0428,0.04956,0.9426,10749,1500,2603,1149488.54,57474.43,2.7289,0.9978,0.2465,0.076,82.8
54,10000,6672.6,66725998.28,170.0,160.34,9.66,0.00058,1.0434,0.04951,0.9432,10837,1500,2640,1155553.73,57777.69,2.735,0.9977,0.2465,0.076,82.8
55,10000,6682.16,66821640.56,170.0,160.44,9.56,0.000573,1.044,0.04945,0.9437,10924,1500,2694,1165589.87,58279.49,2.7425,0.9974,0.2465,0.076,82.8
56,10000,6691.63,66916320.23,170.0,160.53,9.47,0.000567,1.0446,0.04939,0.9443,11011,1500,2762,1175925.73,58796.29,2.7522,0.9959,0.2465,0.076,82.8
57,10000,6701.0,67010036.7,170.0,160.63,9.37,0.00056,1.0452,0.04934,0.9449,11096,1500,2837,1183586.2,59179.31,2.7644,0.9925,0.2465,0.076,82.8
58,10000,6710.28,67102789.41,170.0,160.72,9.28,0.000553,1.0458,0.04929,0.9454,11182,1500,2921,1192935.0,59646.75,2.7795,0.9889,0.2465,0.076,82.8
59,10000,6719.46,67194577.76,170.0,160.82,9.18,0.000547,1.0463,0.04923,0.946,11266,1500,3005,1203150.61,60157.53,2.7978,0.9835,0.2465,0.076,82.8
60,10000,6728.54,67285401.19,170.0,160.92,9.08,0.00054,1.0469,0.04918,0.9466,11350,1500,3067,1211791.96,60589.6,2.819,0.971,0.2465,0.076,82.8
61,10000,6737.53,67375259.11,170.0,161.01,8.99,0.000534,1.0475,0.04913,0.9471,11434,1500,3127,1221696.68,61084.83,2.8432,0.9598,0.2465,0.076,82.8
62,10000,6746.42,67464150.95,170.0,161.11,8.89,0.000528,1.048,0.04908,0.9477,11517,1500,3182,1232722.45,61636.12,2.8701,0.9501,0.2465,0.076,82.8
63,10000,6755.21,67552076.12,170.0,161.21,8.79,0.000521,1.0486,0.04903,0.9483,11599,1500,3200,1244379.41,62218.97,2.8992,0.9327,0.2465,0.076,82.8
64,10000,6763.9,67639034.05,170.0,161.3,8.7,0.000515,1.0491,0.04898,0.9488,11681,1500,3200,1256666.05,62833.3,2.9301,0.9153,0.2465,0.076,82.8
65,10000,6772.5,67725024.15,170.0,161.4,8.6,0.000508,1.0496,0.04893,0.9494,11762,1500,3200,1269506.0,63475.3,2.9623,0.903,0.2465,0.076,82.8
66,10000,6781.0,67810045.85,170.0,161.5,8.5,0.000502,1.0502,0.04889,0.95,11842,1500,3200,1282638.58,64131.93,2.9951,0.8958,0.2465,0.076,82.8
67,10000,6789.41,67894098.56,170.0,161.59,8.41,0.000496,1.0507,0.04884,0.9506,11922,1500,3200,1295785.5,64789.28,3.028,0.8939,0.2465,0.076,82.8
68,10000,6797.72,67977181.7,170.0,161.69,8.31,0.000489,1.0512,0.04879,0.9511,12002,1500,3200,1308657.71,65432.89,3.0601,0.8972,0.2465,0.076,82.8
69,10000,6805.93,68059294.69,170.0,161.79,8.21,0.000483,1.0517,0.04875,0.9517,12081,1500,3200,1320962.88,66048.14,3.091,0.9055,0.2465,0.076,82.8
70,10000,6814.04,68140436.94,170.0,161.89,8.11,0.000477,1.0522,0.04871,0.9523,12159,1500,3200,1332413.92,66620.7,3.1198,0.9186,0.2465,0.076,82.8
71,10000,6822.06,68220607.89,170.0,161.98,8.02,0.00047,1.0527,0.04866,0.9528,12237,1500,3200,1342738.78,67136.94,3.1459,0.9365,0.2465,0.076,82.8
72,10000,6829.98,68299806.93,170.0,162.08,7.92,0.000464,1.0532,0.04862,0.9534,12315,1500,3200,1351691.65,67584.58,3.1688,0.9586,0.2465,0.076,82.8
73,10000,6837.8,68378033.5,170.0,162.18,7.82,0.000458,1.0537,0.04858,0.954,12392,1500,3157,1358662.55,67933.13,3.1879,0.9715,0.2465,0.076,82.8
74,10000,6845.53,68455287.0,170.0,162.27,7.73,0.000452,1.0541,0.04854,0.9546,12469,1500,3106,1363812.03,68190.6,3.2029,0.9838,0.2465,0.076,82.8
75,10000,6853.16,68531566.85,170.0,162.37,7.63,0.000446,1.0546,0.0485,0.9551,12545,1500,3043,1365695.88,68284.79,3.2136,0.9935,0.2465,0.076,82.8
76,10000,6860.69,68606872.48,170.0,162.47,7.53,0.000439,1.0551,0.04846,0.9557,12621,1500,2965,1363486.92,68174.35,3.22,0.9978,0.2465,0.076,82.8
77,10000,6868.12,68681203.28,170.0,162.57,7.43,0.000433,1.0555,0.04842,0.9563,12696,1500,2884,1349725.4,67486.27,3.2221,0.9993,0.2465,0.076,82.8
78,10000,6875.46,68754558.68,170.0,162.66,7.34,0.000427,1.056,0.04838,0.9568,12771,1500,2812,1333641.86,66682.09,3.2204,0.9999,0.2465,0.076,82.8
79,10000,6882.69,68826938.1,170.0,162.76,7.24,0.000421,1.0564,0.04835,0.9574,12845,1500,2752,1299872.88,64993.64,3.2154,1.0,0.2465,0.076,82.8
80,10000,6889.83,68898340.95,170.0,162.86,7.14,0.000415,1.0569,0.04831,0.958,12919,1500,2707,1271417.57,63570.88,3.2079,1.0,0.2465,0.076,82.8
81,10000,6896.88,68968766.63,170.0,162.96,7.04,0.000409,1.0573,0.04828,0.9586,12993,1500,2682,1251460.75,62573.04,3.1988,1.0,0.2465,0.076,82.8
82,10000,6903.82,69038214.57,170.0,163.06,6.94,0.000403,1.0577,0.04824,0.9591,13066,1500,2677,1240885.66,62044.28,3.189,1.0,0.2465,0.076,82.8
83,10000,6910.67,69106684.18,170.0,163.15,6.85,0.000397,1.0582,0.04821,0.9597,13139,1500,2692,1240165.66,62008.28,3.1795,1.0,0.2465,0.076,82.8
84,10000,6917.42,69174174.87,170.0,163.25,6.75,0.000391,1.0586,0.04818,0.9603,13214,1500,2727,1249349.14,62467.46,3.1714,1.0,0.2465,0.076,82.8
85,10000,6924.07,69240686.06,170.0,163.35,6.65,0.000384,1.059,0.04814,0.9609,13288,1500,2782,1268061.39,63403.07,3.1654,1.0,0.2465,0.076,82.8
86,10000,6930.62,69306217.15,170.0,163.45,6.55,0.000378,1.0594,0.04811,0.9615,13362,1500,2854,1295522.62,64776.13,3.1622,1.0,0.2465,0.076,82.8
87,10000,6937.08,69370767.57,170.0,163.54,6.46,0.000372,1.0598,0.04808,0.962,13436,1500,2939,1319697.05,65984.85,3.1625,0.9997,0.2465,0.076,82.8
88,10000,6943.43,69434336.71,170.0,163.64,6.36,0.000366,1.0602,0.04805,0.9626,13510,1500,3032,1335981.98,66799.1,3.1664,0.9989,0.2465,0.076,82.8
89,10000,6949.69,69496923.99,170.0,163.74,6.26,0.00036,1.0605,0.04802,0.9632,13582,1500,3121,1342950.51,67147.53,3.1742,0.9948,0.2465,0.076,82.8
